dummy,data,123
dummy,data,123
dummy,data,123
dummy,data,123
dummy,data,123
dummy,data,123
dummy,data,123
dummy,data,123
dummy,data,123
dummy,data,123
dummy,data,123
dummy,data,123
dummy,data,123
dummy,data,123
dummy,data,123
dummy,data,123
dummy,data,123
dummy,data,123
dummy,data,123
dummy,data,123
dummy,data,123
dummy,data,123
dummy,data,123
dummy,data,123
dummy,data,123
dummy,data,123
dummy,data,123
dummy,data,123
dummy,data,123
dummy,data,123
dummy,data,123
dummy,data,123
dummy,data,123
dummy,data,123
dummy,data,123
dummy,data,123
dummy,data,123
dummy,data,123
dummy,data,123
dummy,data,123
dummy,data,123
dummy,data,123
dummy,data,123
dummy,data,123
dummy,data,123
dummy,data,123
dummy,data,123
dummy,data,123
dummy,data,123
dummy,data,123
dummy,data,123
dummy,data,123
dummy,data,123
dummy,data,123
dummy,data,123
dummy,data,123
dummy,data,123
dummy,data,123
dummy,data,123
dummy,data,123
dummy,data,123
dummy,data,123
dummy,data,123
dummy,data,123
dummy,data,123
dummy,data,123
dummy,data,123
dummy,data,123
dummy,data,123
dummy,data,123
dummy,data,123
dummy,data,123
dummy,data,123
dummy,data,123
dummy,data,123
dummy,data,123
dummy,data,123
dummy,data,123
dummy,data,123
dummy,data,123
dummy,data,123
dummy,data,123
dummy,data,123
dummy,data,123
dummy,data,123
dummy,data,123
dummy,data,123
dummy,data,123
dummy,data,123
dummy,data,123
dummy,data,123
dummy,data,123
dummy,data,123
dummy,data,123
dummy,data,123
dummy,data,123
dummy,data,123
dummy,data,123
dummy,data,123
dummy,data,123
dummy,data,123
dummy,data,123
dummy,data,123
dummy,data,123
dummy,data,123
dummy,data,123
dummy,data,123
dummy,data,123
dummy,data,123
dummy,data,123
dummy,data,123
dummy,data,123
dummy,data,123
dummy,data,123
dummy,data,123
dummy,data,123
dummy,data,123
dummy,data,123
dummy,data,123
dummy,data,123
dummy,data,123
dummy,data,123
dummy,data,123
dummy,data,123
dummy,data,123
dummy,data,123
dummy,data,123
dummy,data,123
dummy,data,123
dummy,data,123
dummy,data,123
dummy,data,123
dummy,data,123
dummy,data,123
dummy,data,123
dummy,data,123
dummy,data,123
dummy,data,123
